<?xml version="1.0" encoding="UTF-8"?>
<!--This is a Reload version 2.5.6 SCORM 1.2 Content Package document-->
<!--Spawned from the Reload Content Package Generator - http://www.reload.ac.uk-->
<manifest xmlns="http://www.imsproject.org/xsd/imscp_rootv1p1p2" xmlns:imsmd="http://www.imsglobal.org/xsd/imsmd_rootv1p2p1" xmlns:xsi="http://www.w3.org/2001/XMLSchema-instance" xmlns:adlcp="http://www.adlnet.org/xsd/adlcp_rootv1p2" identifier="MANIFEST-524344FB7EEA396801A66BBC0AB557CA" xsi:schemaLocation="http://www.imsproject.org/xsd/imscp_rootv1p1p2 imscp_rootv1p1p2.xsd http://www.imsglobal.org/xsd/imsmd_rootv1p2p1 imsmd_rootv1p2p1.xsd http://www.adlnet.org/xsd/adlcp_rootv1p2 adlcp_rootv1p2.xsd">
  <organizations default="ORG-5EFA8B58A273B3F6400C681F217DDA3A">
    <organization identifier="ORG-5EFA8B58A273B3F6400C681F217DDA3A" structure="hierarchical">
      <title>GITEI PTA</title>
      <item identifier="ITEM-026BD6347B6C28D60F3792399A8813D0" isvisible="true" identifierref="RES-032E916EF74CAD3EBAD0D5EF1A44E26D">
        <title>Contenedor</title>
      </item>
    </organization>
  </organizations>
  <resources>
    <resource identifier="RES-032E916EF74CAD3EBAD0D5EF1A44E26D" type="webcontent" href="index.html" adlcp:scormtype="sco">
      <file href="index.html" />
      <file href="css/bootstrap.min.css" />
    </resource>
  </resources>
</manifest>

